{
    "people": [
        {
            "name": "Dimitri",
            "surname": "Jacquet",
            "gender": "male",
            "region": "France",
            "age": 26,
            "title": "mr",
            "phone": "(376) 721 9771",
            "birthday": {
                "dmy": "27\/01\/1994",
                "mdy": "01\/27\/1994",
                "raw": 759689218
            },
            "email": "dimitri94@example.com",
            "password": "Jacquet94*_",
            "credit_card": {
                "expiration": "10\/24",
                "number": "4115-2688-5351-1043",
                "pin": 5195,
                "security": 314
            },
            "photo": "10.jpg"
        },
        {
            "name": "Carmen",
            "surname": "Mondragón",
            "gender": "female",
            "region": "Mexico",
            "age": 29,
            "title": "ms",
            "phone": "(637) 630 5864",
            "birthday": {
                "dmy": "27\/01\/1991",
                "mdy": "01\/27\/1991",
                "raw": 664975445
            },
            "email": "carmen_91@example.com",
            "password": "Mondragón91{=",
            "credit_card": {
                "expiration": "10\/23",
                "number": "3364-6710-5758-2770",
                "pin": 1902,
                "security": 127
            },
            "photo": "13.jpg"
        },
        {
            "name": "Florentina",
            "surname": "Pătraș",
            "gender": "female",
            "region": "Romania",
            "age": 36,
            "title": "mrs",
            "phone": "(517) 414 9040",
            "birthday": {
                "dmy": "31\/01\/1984",
                "mdy": "01\/31\/1984",
                "raw": 444423383
            },
            "email": "florentina84@example.com",
            "password": "Pătraș84+%",
            "credit_card": {
                "expiration": "1\/23",
                "number": "4467-9243-1633-2732",
                "pin": 4524,
                "security": 321
            },
            "photo": "1.jpg"
        },
        {
            "name": "Σταμάτη",
            "surname": "Αναγνωστάκης",
            "gender": "male",
            "region": "Greece",
            "age": 26,
            "title": "mr",
            "phone": "(779) 837 6998",
            "birthday": {
                "dmy": "17\/10\/1994",
                "mdy": "10\/17\/1994",
                "raw": 782422377
            },
            "email": "Σταμάτης_94@example.com",
            "password": "Αναγνωστάκης94{^",
            "credit_card": {
                "expiration": "8\/26",
                "number": "9792-3462-3214-1512",
                "pin": 9403,
                "security": 595
            },
            "photo": "2.jpg"
        },
        {
            "name": "Ικάριος",
            "surname": "Μεσσηνέζης",
            "gender": "male",
            "region": "Greece",
            "age": 32,
            "title": "mr",
            "phone": "(909) 152 1921",
            "birthday": {
                "dmy": "13\/03\/1988",
                "mdy": "03\/13\/1988",
                "raw": 574256628
            },
            "email": "Ικάριος-88@example.com",
            "password": "Μεσσηνέζης88)^",
            "credit_card": {
                "expiration": "9\/21",
                "number": "1788-2510-5246-9596",
                "pin": 3168,
                "security": 513
            },
            "photo": "17.jpg"
        }
    ]
}